{"cameraMode":{"drawMode":0,"name":"Shaded","section":"Shading Mode"},"sceneLighting":true,"audioPlay":false,"sceneViewState":{"showFog":true,"showMaterialUpdate":false,"showSkybox":true,"showFlares":true,"showImageEffects":true,"showParticleSystems":true},"in2DMode":false,"pivot":{"x":-1.708831787109375,"y":-1.5886821746826172,"z":-8.692704200744629},"rotation":{"x":-0.08182349056005478,"y":0.9026074409484863,"z":-0.3735613524913788,"w":-0.19778503477573396},"size":23.121868133544923,"orthographic":false}