{"cameraMode":{"drawMode":0,"name":"Shaded","section":"Shading Mode"},"sceneLighting":true,"audioPlay":false,"sceneViewState":{"showFog":true,"showMaterialUpdate":false,"showSkybox":true,"showFlares":true,"showImageEffects":true,"showParticleSystems":true},"in2DMode":false,"pivot":{"x":281.1485290527344,"y":253.6158447265625,"z":30.6680908203125},"rotation":{"x":-0.08688825368881226,"y":-0.007490061689168215,"z":0.0006521130562759936,"w":-0.9961956739425659},"size":588.06005859375,"orthographic":false}