{"cameraMode":{"drawMode":0,"name":"Shaded","section":"Shading Mode"},"sceneLighting":true,"audioPlay":false,"sceneViewState":{"showFog":true,"showMaterialUpdate":false,"showSkybox":true,"showFlares":true,"showImageEffects":true,"showParticleSystems":true},"in2DMode":false,"pivot":{"x":30.65035629272461,"y":5.88110876083374,"z":-5.570324420928955},"rotation":{"x":-0.15403196215629579,"y":-0.7202003598213196,"z":0.1693950742483139,"w":-0.6549237966537476},"size":2.9407615661621095,"orthographic":false}