{"cameraMode":{"drawMode":0,"name":"Shaded","section":"Shading Mode"},"sceneLighting":true,"audioPlay":false,"sceneViewState":{"showFog":true,"showMaterialUpdate":false,"showSkybox":true,"showFlares":true,"showImageEffects":true,"showParticleSystems":true},"in2DMode":false,"pivot":{"x":-8.743379592895508,"y":-3.973665475845337,"z":1.283827304840088},"rotation":{"x":-0.1819532811641693,"y":0.6725009679794312,"z":-0.17596435546875,"w":-0.6955008506774902},"size":14.980887413024903,"orthographic":false}