{"cameraMode":{"drawMode":0,"name":"Shaded","section":"Shading Mode"},"sceneLighting":true,"audioPlay":false,"sceneViewState":{"showFog":true,"showMaterialUpdate":false,"showSkybox":true,"showFlares":true,"showImageEffects":true,"showParticleSystems":true},"in2DMode":false,"pivot":{"x":4.039999961853027,"y":2.5999999046325685,"z":-3.630000114440918},"rotation":{"x":-0.05274098739027977,"y":0.7452690005302429,"z":-0.05937504395842552,"w":-0.6620245575904846},"size":4.041658401489258,"orthographic":false}