{"cameraMode":{"drawMode":0,"name":"Shaded","section":"Shading Mode"},"sceneLighting":true,"audioPlay":false,"sceneViewState":{"showFog":true,"showMaterialUpdate":false,"showSkybox":true,"showFlares":true,"showImageEffects":true,"showParticleSystems":true},"in2DMode":false,"pivot":{"x":-28.977584838867189,"y":-21.911155700683595,"z":-8.036178588867188},"rotation":{"x":-0.2007662057876587,"y":0.7451901435852051,"z":-0.25724372267723086,"w":-0.5815809965133667},"size":46.31113815307617,"orthographic":false}