{"cameraMode":{"drawMode":0,"name":"Shaded","section":"Shading Mode"},"sceneLighting":true,"audioPlay":false,"sceneViewState":{"showFog":true,"showMaterialUpdate":false,"showSkybox":true,"showFlares":true,"showImageEffects":true,"showParticleSystems":true},"in2DMode":false,"pivot":{"x":0.06952398270368576,"y":1.0614402294158936,"z":-9.356334686279297},"rotation":{"x":-0.003251092741265893,"y":0.9606162309646606,"z":-0.2776840031147003,"w":-0.011243379674851895},"size":1.4528453350067139,"orthographic":false}