{"cameraMode":{"drawMode":0,"name":"Shaded","section":"Shading Mode"},"sceneLighting":true,"audioPlay":false,"sceneViewState":{"showFog":true,"showMaterialUpdate":false,"showSkybox":true,"showFlares":true,"showImageEffects":true,"showParticleSystems":true},"in2DMode":false,"pivot":{"x":1.1975364685058594,"y":-3.146860122680664,"z":4.877573013305664},"rotation":{"x":-0.33268648386001589,"y":-0.19273939728736878,"z":0.06966301798820496,"w":-0.9205063581466675},"size":24.506162643432618,"orthographic":false}