{"cameraMode":{"drawMode":0,"name":"Shaded","section":"Shading Mode"},"sceneLighting":true,"audioPlay":false,"sceneViewState":{"showFog":true,"showMaterialUpdate":false,"showSkybox":true,"showFlares":true,"showImageEffects":true,"showParticleSystems":true},"in2DMode":false,"pivot":{"x":54.146297454833987,"y":-25.46346664428711,"z":-5.482752323150635},"rotation":{"x":-0.29677537083625796,"y":-0.6616807579994202,"z":0.32280099391937258,"w":-0.6082810759544373},"size":43.240455627441409,"orthographic":false}