{"cameraMode":{"drawMode":0,"name":"Shaded","section":"Shading Mode"},"sceneLighting":true,"audioPlay":false,"sceneViewState":{"showFog":true,"showMaterialUpdate":false,"showSkybox":true,"showFlares":true,"showImageEffects":true,"showParticleSystems":true},"in2DMode":false,"pivot":{"x":32.402801513671878,"y":9.618518829345704,"z":-2.6374216079711916},"rotation":{"x":-0.016063904389739038,"y":-0.9506862759590149,"z":0.04995688796043396,"w":-0.3056858479976654},"size":2.8692798614501955,"orthographic":false}